더블 세트,,,
두근두근 내 인생,,,
모서리에서의 인생독법,,,
악기들의 도서관,,,
저녁의 구애,,,
나는 유령작가입니다,,,
채식주의자,,,
물,,,
새벽의 나나,,,
달로,,,
일요일 스키야키 식당,,,
나를 위해 웃다,,,
구경꾼들,,,
백의 그림자,,,
퀴르발 남작의 성,,,
아름다움이 나를 멸시한다,,,
엘리베이터에 낀 그 남자는 어떻게 되었나,,,
내 아들의 연인,,,
푸른 수염의 첫 번째 아내,,,
유년의 뜰,,,
무진기행,,,
대성당,,,
"백년의 고독 1,2",,,
변신,,,
알베르 카뮈 전집 2,,,
마담 보바리,,,
좁은 문,,,
토니오 크뢰거 트리스탄,,,
열정,,,
"목로주점 (상,하)",,,
데미안,,,
"내 이름은 빨강 1,2",,,
우주만화,,,
마음,,,
고도를 기다리며,,,
사막,,,
피아노 치는 여자,,,
구토,,,
필경사 바틀비,,,
A가 X에게,,,
섬,,,
은밀한 생,,,
"글렌 굴드, 피아노 솔로",,,
보들레르의 수첩,,,
침묵의 세계,,,
소금꽃 나무,,,
전쟁교본,,,
사랑의 단상,,,
일방통행로,,,
차라투스투라는 이렇게 말했다,,,
몰락의 에티카,,,
HOW TO READ 시리즈 세트,,,
"김수영 전집 1,2",,,
기형도 전집,,,
네루다 시선,,,
뒹구는 돌은 언제 잠 깨는가,,,
남해금산,,,
황금 연못,,,
달과 뱀과 짧은 이야기,,,
요즘 우울하십니까,,,
이 시대의 사랑,,,
즐거운 일기,,,
반성,,,
새들도 세상을 뜨는 구나,,,
고통의 축제,,,
새떼들에게로의 망명,,,
불쌍한 사랑 기계,,,
햄버거에 대한 명상,,,
세운상가 키드의 사랑,,,
자명한 산책,,,
말랑말랑한 힘,,,
검은 표범 여인 ,,,
그곳이 멀지 않다,,,
일곱 개의 단어로 된 사전,,,
트랙과 들판의 별,,,
슬픔이 없는 십오 초,,,
오늘 아침 단어,,,
호텔 타셀의 돼지들,,,
소년 파르티잔 행동지침,,,
그녀가 처음 느끼기 시작했다,,,
마징가 계보학,,,
생물성,,,
그래도 나는 피었습니다,,,
그래도 우린 다시 만나야 한다,,,
그림책이면 충분하다,,,
"그믐, 또는 당신이 세계를 기억하는 방식",,,
그쪽 풍경은 환한가,,,
그치지 않는 비,,,
금연학교,,,
금요일엔 돌아오렴,,,
기록되지 않은 노동 : 숨겨진 여성의 일 이야기,,,
기억 전달자,,,
기억을 잃은 소년,,,
길 하나 건너면 벼랑 끝,,,
까대기,,,
까칠한 재석이가 사라졌다,,,
깨끗한 존경,,,
꽃제비 영대,,,
나는 가해자의 엄마입니다,,,
나는 나를 돌봅니다,,,
나는 내 파이를 구할 뿐 인류를 구하러 온게 아니라고,,,
나는 내가 누구인지 말할 수 있었다,,,
나는 농담으로 과학을 말한다,,,
나는 매주 시체를 보러 간다,,,
나는 무슨 일 하며 살아야 할까?,,,
나는 복지국가에 산다,,,
나는 신들의 요양보호사입니다,,,
나는 오늘도 교사이고 싶다,,,
나는 울 때마다 엄마 얼굴이 된다,,,
나는 초콜릿의 달콤함을 모릅니다,,,
"나는 편의점에 간다 (달려라, 아비)",,,
나라는 부유한데 왜 국민은 불행할까,,,
나를 보내지 마,,,
나미야 잡화점의 기적,,,
나쁜 뉴스의 나라,,,
나쁜 친구,,,
나에 관한 연구,,,
나의 두 사람,,,
나의 아름다운 첫 학기,,,
"나의 작은, 순애언니 (쇼코의 미소)",,,
나의 책 읽기 수업,,,
나의 첫 젠더 수업,,,
나의 후쿠오카 가이드(일의 기쁨과 슬픔),,,
나이 도둑,,,
낙타는 왜 사막으로 갔을까,,,
난 그것만 생각해,,,
난민 소녀 리도희,,,
난장이가 쏘아올린 작은 공,,,
"날아라, 오딘(무민은 채식주의자)",,,
남동공단,,,
낯선 시선,,,
"내 사랑, 사북",,,
"내 어깨 위 고양이, 밥(Bob)",,,
내 어린 고양이와 늙은 개(1~3),,,
내 친구는 슈퍼스타,,,
내가 걸은 만큼만 내 인생이다,,,
담임 선생님은 AI,,,
당신 인생의 이야기,,,
당신의 교육과정-수업-평가를 응원합니다,,,
당신의 별자리는 무엇인가요?,,,
당신의 평화 (현남 오빠에게),,,
당신이 반짝이던 순간,,,
당신이 옳다,,,
당신이라는 안정제,,,
대리사회,,,
대한민국 부모,,,
대한민국 최저로 살아가기,,,
더 인간적인 말 (2018 제9회 젊은작가상 수상작품집),,,
더러운 나의 불행 너에게 덜어줄게 ,,,
덕혜옹주 : 조선의 마지막 황녀,,,
"덜미, 완전범죄는 없다1",,,
도시는 무엇으로 사는가,,,
도시에서 죽는다는 것,,,
도움의 손길(일의 기쁨과 슬픔),,,
독고솜에게 반하면,,,
독서동아리 100개면 학교가 바뀐다,,,
돌직구 성교육,,,
동물원에 동물이 없다면,,,
동물원에서 만난 세계사,,,
동물을 사랑하면 철학자가 된다,,,
"두 번째 달, 블루문",,,
두 번째 페미니스트,,,
두근두근 내인생,,,
"들꽃, 공단에 피다",,,
디디의 우산,,,
디지털 네이티브 그들은 어떻게 배우는가,,,
딸에 대하여,,,
땀 흘리는 소설,,,
떠나지 못하는 사람들,,,
"떠떠떠, 떠 (가나)",,,
똑똑한 사람들의 멍청한 짓,,,
랩걸  Lab Girl,,,
런던 아이 미스터리,,,
레몬이 가득한 책장,,,
로그인하시겠습니까?,,,
로버트 라이시의 1대 99를 넘어,,,
루머의 루머의 루머,,,
류명성 통일빵집,,,
리남행 비행기,,,
마션,,,
마음의 구석,,,
만화 토지 1-7,,,
망나뇽의 눈물(웃음을 선물할게),,,
망원동 에코 하우스,,,
"망월 상, 하",,,
맥도날드 사수 대작전 (위험한 독서),,,
맨박스,,,
맹탐정 고민 상담소,,,
먼지 없는 방,,,
메시,,,
멧돼지가 살던 별,,,
멧돼지의 어깨 두드리기(지상 최대의 내기),,,
며느라기,,,
며느리 사표,,,
명령 (그들이 떨어뜨린 것),,,
삶이 내게 말을 걸어올 때,,,
삼파장 형광등 아래서,,,
생각한다는 것,,,
서른 (비행운),,,
서민의 기생충 열전,,,
서점의 다이아나,,,
서진곤 (피프티피플),,,
서찰을 전하는 아이,,,
서툴다고 말해도 돼,,,
선대인의 대한민국 경제학,,,
선량한 차별주의자,,,
설이,,,
"세 여자 1,2 ",,,
세계를 건너 너에게 갈게,,,
"세상이 멈춘 시간, 11시 2분",,,
"세실, 주희 (2018 제9회 젊은작가상 수상작품집)",,,
셜록 홈즈,,,
"소녀, 설치고 말하고 생각하라",,,
소년 소녀 진화론,,,
"소년 소녀, 과학하라",,,
소년은 침묵하지 않는다 : 히틀러에 맞선 소년 레지스탕스,,,
